Company,Title,LinkedIn Link,Company Link
ADRENALIN ESYSTEMS LIMITED,Adrenalin eSystems Ltd,https://in.linkedin.com/company/adrenalinmax,https://www.myadrenalin.com/company
ADV DETAILING AND DESIGN APPLICATIONS INDIA PRIVATE LIMITED,ADDA,https://au.linkedin.com/company/adda-bim,https://www.zaubacorp.com/company/ADV-DETAILING-AND-DESIGN-APPLICATIONSINDIA-PRIVATE-LIMITED/U72900TN2022FTC157744
ADVA OPTICAL NETWORKING INDIA PRIVATE LIMITED,ADVA,https://in.linkedin.com/company/adva-optical-networking,https://www.adva.com/en/
ADVAITA INDIA CONSULTING PRIVATE LIMITED,Advaita Software Pvt Ltd,https://in.linkedin.com/company/advaita-software-private-limited,https://www.zaubacorp.com/company/ADVAITA-INDIA-CONSULTING-PRIVATE-LIMITED/U72900AS2020PTC020123
ADVAIYA SOLUTIONS (P) LTD.,"Advaiya Solutions, Inc",https://in.linkedin.com/company/advaiya-inc,https://www.advaiya.com/
ADVANCED BUSINESS & HEALTHCARE SOLUTIONS INDIA PRIVATE LIMITED,Advanced Business & Healthcare Solutions India Pvt Ltd,https://uk.linkedin.com/company/advanced-business-&-healthcare-solutions-india-pvt-ltd,https://uk.linkedin.com/company/advanced-business-&-healthcare-solutions-india-pvt-ltd
ADVANCED INVESTMENT MECHANICS INDIA PRIVATE LIMITED,Advanced Investment Mechanics India Private Limited,https://www.zaubacorp.com/company/ADVANCED-INVESTMENT-MECHANICS-INDIA-PRIVATE-LIMITED/U74140MH2001PTC130481,https://www.aim-india.in/
ADVANTEST INDIA PRIVATE LIMITED,Advantest,https://www.linkedin.com/company/advantest,https://www.advantest.com/
ADVANTMED INDIA LLP,Advantmed India LLP,https://in.linkedin.com/company/advantmed-india,https://www.advantmed.com/
ADVANZ PHARMA SERVICES (INDIA) PRIVATE LIMITED,ADVANZ PHARMA,https://in.linkedin.com/company/advanz-pharma,https://www.advanzpharma.com/
ADVARRA INDIA PRIVATE LIMITED,Advarra,https://in.linkedin.com/company/advarra,https://www.advarra.com/about/
ADVISOR360 SOFTWARE PRIVATE LIMITED,Advisor360,https://www.linkedin.com/company/advisor360,https://www.advisor360.com/
AECO TECHNOSTRUCT PRIVATE LIMITED,Suvigya Singh - AECO TECHNOSTRUCT PVT. LIMITED,https://in.linkedin.com/in/suvigya-singh-b9935a89,"https://www.zaubacorp.com/company/AECO-TECHNOSTRUCT-PRIVATE-LIMITED/U74999HR2018PTC074396#:~:text=213%2C%202ND%20FLOOR%2C%20OCUS%20QUANTUM,GURGAON%20Gurgaon%20HR%20122018%20IN."
AECOM INDIA GLOBAL SERVICES PRIVATE LIMITED,AECOM INDIA PRIVATE LIMITED,https://in.linkedin.com/company/aecom-india-private-limited,"https://www.tofler.in/aecom-india-global-services-private-limited/company/U74999HR2020PTC089820#:~:text=The%20registered%20office%20of%20Aecom,%2C%20Gurgaon%2C%20Gurgaon%2C%20Haryana."
AECOR DIGITAL INTERNATIONAL PRIVATE LIMITED,Aecor Digital,https://in.linkedin.com/company/aecor-digital,https://aecordigital.com/
AEGIS CUSTOMER SUPPORT SERVICES PVT LTD,Aegis Customer Support Services Private Limited,https://in.linkedin.com/company/acsspl,https://www.greatplacetowork.in/great/company/aegis-customer-support-services-private-limited-a-startek-company
AEL DATASERVICES LLP,AEL Data Services LLP,https://in.linkedin.com/company/ael-data,https://aeldata.com/
AEON COMMUNICATION PRIVATE LIMITED,Aeon Communication Pvt. Ltd.,https://in.linkedin.com/company/aeon-communication-pvt-ltd-,https://in.linkedin.com/company/aeon-communication-pvt-ltd-
AEREN IP SERVICES PVT. LTD.,AEREN IP(A Division of Aeren IT Solutions (P) Ltd.),https://in.linkedin.com/company/aeren-ip-a-division-of-aeren-it-solutions-p-ltd-,http://www.aerenip.com/
AEREN IT SOLUTIONS PVT. LTD.,AEREN OUTSOURCING,https://in.linkedin.com/company/aeren-it-solutions-private-limited,https://www.aerenoutsourcing.com/
AEREON INDIA PRIVATE LIMITED.,Aereon,https://in.linkedin.com/company/aereon,https://aereon.com/
AEROSPIKE INDIA PRIVATE LIMITED,Aerospike,https://in.linkedin.com/company/aerospike-inc-,https://aerospike.com/
AEXONIC TECHNOLOGIES PRIVATE LIMITED,Aexonic,https://in.linkedin.com/company/aexonic-technologies,https://www.aexonic.com/
AFFINITY ANSWERS PRIVATE LIMITED,Affinity Answers,https://www.linkedin.com/company/affinity-answers,https://www.affinityanswers.com/
AFFINITY GLOBAL ADVERTISING PVT. LTD.,AFFINITY GLOBAL ADVERTISING PRIVATE LIMITED,https://in.linkedin.com/company/affinity-global-advertising-private-limited,https://www.affinity.com/
AFOUR TECHNOLOGIES PVT. LTD.,AFour Technologies,https://in.linkedin.com/company/afour-technologies,https://afourtech.com/
AGASTHA SOFTWARE PVT. LTD.,Agastha,https://www.linkedin.com/products/agastha-healthsoft-agastha/,http://agastha.com/
AGATHSYA TECHNOLOGIES PRIVATE LIMITED,Agathsya Technologies Pvt Ltd,https://in.linkedin.com/company/agathsya-technologies-pvt-ltd,https://agathsya.com/
AGCO TRADING (INDIA) PRIVATE LIMITED,AGCO TRADING (INDIA) PRIVATE LIMITED,https://in.linkedin.com/company/agco-trading-india-private-limited,"https://economictimes.indiatimes.com/company/agco-trading-india-private-limited/U51909HR2012FTC046730#:~:text=Agco%20Trading%20(india)%20Private%20Limited%20registered%20address%20is%20408A%2C,Gurgaon%20Gurgaon%20HR%20122001%20IN."
AGGRANDIZE VENTURE PRIVATE LIMITED,Aggrandize Venture,https://in.linkedin.com/company/aggrandizeventure,https://www.aggrandizeventure.com/
AGILE ICO PVT LTD,AGILE ICO PVT LTD,https://in.linkedin.com/company/aicopl,https://aicopl.com/
AGILE LINK TECHNOLOGIES,Agile Technologies,https://www.linkedin.com/company/agiletz,https://www.linkedin.com/company/agiletz
AGILENT TECHNOLOGIES INTERNATIONAL PVT.LTD.,Agilent Technologies,https://in.linkedin.com/company/agilent-technologies,https://www.zaubacorp.com/company/AGILENT-TECHNOLOGIES-INTERNATIONAL-PRIVATE-LIMITED/U72200HR2001PTC038118
AGILIANCE INDIA PVT LTD,AGILIANCE LIMITED,https://in.linkedin.com/company/agiliance-limited?trk=ppro_cprof,https://www.zaubacorp.com/company/AGILIANCE-INDIA-PRIVATE-LIMITED/U72200TG2008PTC057715
AGILITY E SERVICES PRIVATE LIMITED,Agility,https://www.linkedin.com/company/agility,https://www.agility.com/en/agility-e-services-receives-top-it-ites-honor/
AGILON HEALTH INDIA PRIVATE LIMITED,agilon health,https://www.linkedin.com/company/agilonhealth,https://www.agilonhealth.com/
AGNEXT TECHNOLOGIES PRIVATE LTDAGNISYS TECHNOLOGY (P) LTD.,AGNEXT,https://in.linkedin.com/company/agnextworld,https://agnext.com/
AGNITIO SYSTEMS,Agnitio Systems,https://in.linkedin.com/company/agnitio-systems,http://www.agnitio-systems.com/
AGNITY COMMUNICATIONS PVT. LTD.,AGNITY,https://in.linkedin.com/company/agnity-inc,https://www.zaubacorp.com/company/AGNITY-COMMUNICATIONS-PRIVATE-LIMITED/U72200DL2015PTC279758
AGNITY INDIA TECHNOLOGIES PVT LTD,AGNITY,https://in.linkedin.com/company/agnity-inc,https://in.linkedin.com/company/agnity-inc
AGNITY TECHNOLOGIES PRIVATE LIMITED,AGNITY,https://in.linkedin.com/company/agnity-inc,https://in.linkedin.com/company/agnity-inc
AGREETA SOLUTIONS PRIVATE LIMITED,Agreeta Solutions Pvt Ltd,https://in.linkedin.com/company/agreeta-solutions-pvt-ltd,https://agreeta.in/
AGS HEALTH PVT. LTD,AGS Health,https://in.linkedin.com/company/ags-health,https://www.agshealth.com/
AGT ELECTRONICS LTD,AGT Electronics Ltd,https://in.linkedin.com/company/agt-electronics-ltd,https://www.agtindia.com/
AGTECHPRO PRIVATE LIMITED,AGTECHPRO Private Limited - HR Manager,https://in.linkedin.com/in/agtechpro-private-limited-4a5782228,"https://www.indiafilings.com/search/agtechpro-private-limited-cin-U72900KA2019PTC124286#:~:text=The%20companies%20registered%20address%20is,Bengaluru%20Bangalore%20KA%20560085%20IN."
AHANA RAY TECHNOLOGIES INDIA PRIVATE LIMITED,"ahana ray - Kolkata, West Bengal, India | Professional Profile",https://in.linkedin.com/in/ahana-ray-009715236?trk=public_profile_samename-profile,https://www.zaubacorp.com/company/AHANA-RAY-TECHNOLOGIES-INDIA-PRIVATE-LIMITED/U72900KA2020FTC138919
AI COGITO INDIA PRIVATE LIMITED,Cogito Corp,https://www.linkedin.com/company/cogito-corp-,"https://www.zaubacorp.com/company/AI-COGITO-INDIA-PRIVATE-LIMITED/U72200PN2021PTC198204#:~:text=82%2F1%2C%20PLOT%20NO.,PUNE%20Pune%20MH%20411045%20IN."
AI SQUARE GLOBAL SOLUTIONS LLP,AI Squared,https://www.linkedin.com/company/aisquaredinc,https://www.dnb.com/business-directory/company-profiles.ai_square_global_solutions_llp.5037e32567578e7814d5ef0c7d094555.html
AIDASTECH INDIA PRIVATE LIMITED,AIDAS TECHNOLOGIES INC,https://in.linkedin.com/company/aidas-technologies-inc,https://www.aidastech.com/
AIE FIBER RESOURCE AND TRADING (INDIA) PRIVATE LIMITED,AIE FIBER RESOURCE AND TRADING (INDIA) PRIVATE ...,https://www.zaubacorp.com/company/AIE-FIBER-RESOURCE-AND-TRADING-INDIA-PRIVATE-LIMITED/U51909TG2018FTC123518,https://gstcouncil.gov.in/ms-aie-fiber-resource-and-trading-india-private-limited
AIGENEDGE PRIVATE LIMITED,Amit Roy,https://in.linkedin.com/in/amitroy74,https://www.zaubacorp.com/company/AIGENEDGE-PRIVATE-LIMITED/U72900UP2020PTC130960
AIGILX HEALTH TECHNOLOGIES PVT LTD,Aigilx Health,https://in.linkedin.com/company/aigilx-health,https://aigilxhealth.com/
AIMBEYOND INFOTECH PRIVATE LIMITED,AimBeyond Infotech Private Limited,https://in.linkedin.com/company/aimbeyond-infotech-pvt-ltd-,https://www.aimbeyond.com/
AIML SQUARE PRIVATE LIMITED,AIML Analytics Solutions Pvt Ltd (OpenDataFabric),https://in.linkedin.com/company/aiml-solutions,https://www.zaubacorp.com/company/AIML-SQUARE-PRIVATE-LIMITED/U72200TN2019PTC130115
AIMTRONICS SEMICONDUCTOR INDIA PVT LTD,NeoMagic Semiconductor India Private Ltd,https://in.linkedin.com/company/neomagic-semiconductor-india-private-ltd,https://www.zaubacorp.com/company/AIMTRONICS-SEMICONDUCTOR-INDIA-PRIVATE-LIMITED/U72200OR2014PTC018283
AINS INDIA PVT LTD,AINS,https://au.linkedin.com/company/ains,"https://www.zaubacorp.com/company/AINS-INDIA-PRIVATE-LIMITED/U72200TG1997PTC085249#:~:text=188%2C%208%2D2%2D293,Hyderabad%20Hyderabad%20TG%20500096%20IN."
AINSURTECH PVT LTD,AInsurtech,https://in.linkedin.com/company/ainsurtech,https://ainsurtek.com/
AIOPSGROUP COMMERCE INDIA PRIVATE LIMITED,AIOPSGROUP a valantic company,https://in.linkedin.com/company/aiopsgroup,https://aiopsgroup.com/
AIRAMATRIX PRIVATE LIMITED,AIRA Matrix Private Limited,https://in.linkedin.com/company/airamatrix,https://www.airamatrix.com/
AIRAVANA SYSTEMS PRIVATE LIMITED,"Airavana, Inc.",https://in.linkedin.com/company/airavana,https://in.linkedin.com/company/airavana
AIRBUS GROUP INDIA PVT. LTD.,Airbus,https://in.linkedin.com/company/airbusgroup,https://www.airbus.com/en/our-worldwide-presence/airbus-in-india
AIRCHECK INDIA PVT. LTD.,AirCheck India Pvt. Ltd.,https://www.linkedin.com/company/aircheck-india-pvt.-ltd.,https://aircheckindia.com/
AIRDATA TECHNOLOGIES PRIVATE LIMITED,AirData UAV,https://www.linkedin.com/company/airdatauav,https://www.zaubacorp.com/company/AIRDATA-TECHNOLOGIES-PRIVATE-LIMITED/U72900KA2021FTC155676
AIREI INDIA PRIVATE LTD,AIREI Sdn. Bhd.,https://www.linkedin.com/company/airei-sdn-bhd,https://www.insiderbiz.in/company/AIREI-INDIA-PRIVATE-LIMITED
AIRMEET NETWORKS PRIVATE LIMITED,Airmeet,https://www.linkedin.com/company/airmeetcom,https://www.airmeet.com/
AIRO DIGITAL LABS INDIA PRIVATE LIMITED,AiRo Digital Labs,https://in.linkedin.com/company/airodigitallabs,https://www.airodigitallabs.com/
AIRO GLOBAL SOFTWARE PRIVATE LIMITED,AIRO GLOBAL SOFTWARE INC,https://in.linkedin.com/company/airo-global-software,https://airoglobal.com/
AIROHA TECHNOLOGY INDIA PRIVATE LIMITED,Airoha Technology,https://www.linkedin.com/company/airoha-technology,https://www.airoha.com/
AIRTEL INTERNATIONAL LLP,Airtel International LLP-Airtel Africa,https://in.linkedin.com/company/airtel-international-llp-airtel-africa,https://in.linkedin.com/company/airtel-international-llp-airtel-africa
AITHENT TECHNOLOGIES PVT. LTD.,Aithent Inc.,https://www.linkedin.com/company/aithent,https://www.aithent.com/
AJIRA AI SOFTWARE INDIA PVT LTD,Srinivas Reddy - Ajira Software India Private Limited.,https://in.linkedin.com/in/srinivas-reddy-8a71391a,https://ajiraai.com/
AJOSYS TECHNOLOGY SOLUTIONS PVT LTD,Ajosys Technology Solutions,https://in.linkedin.com/company/ajosys-technology-solutions,https://www.ajosys.com/
AJRITH TECH PRIVATE LIMITED,Ajrith Tech Pvt Ltd - Best Testing and Consulting Services,https://ajrith.com/,https://ajrith.com/
AJS SOFTWARE TECHNOLOGIES PRIVATE LIMITED,AJS SOFTWARE TECHNOLOGIES PRIVATE LIMITED,https://in.linkedin.com/company/ajs-software-technologies-private-limited,https://www.ajssoft.com/
AJUBA COMMERCE PVT. LTD.,Shubham Tripathi - Ajuba Commerce Pvt Ltd ...,https://in.linkedin.com/in/shubham-tripathi-3a0799131,https://www.zaubacorp.com/company/AJUBA-COMMERCE-PRIVATE-LIMITED/U74999MH2014PTC253506
AK AEROTEK SOFTWARE CENTRE PVT. LTD.,AK Aerotek Software Centre Pvt Ltd,https://in.linkedin.com/company/ak-aerotek-software-centre-pvt-ltd,https://www.ak-aerotek.com/
AK SURYA POWER MAGIC PVT LTD,A K SURYA POWER MAGIC PRIVATE LIMITED,https://in.linkedin.com/company/a-k-surya-power-magic-private-limited,https://www.justdial.com/jdmart/Coimbatore/Ak-Surya-Power-Magic-Pvt-Ltd-Closed-Down-Peelamedu/0422PX422-X422-151212150332-H5B4_BZDET/catalogue
AKEO SOFTWARE SOLUTIONS PRIVATE LIMITED,Akeo India,https://in.linkedin.com/company/akeoindia,https://in.linkedin.com/company/akeoindia
AKIKO SHERMAN INFOTECH PRIVATE LIMITED,Akiko Sherman Infotech Pvt. Ltd.,https://in.linkedin.com/company/akiko-sherman-infotech-pvt--ltd-,https://www.shermanindia.com/
AKOTS INDIA PVT. LTD.,AKOTS INDIA PRIVATE LIMITED,https://in.linkedin.com/company/akots-india-private-limited,https://www.zaubacorp.com/company/AKOTS-INDIA-PRIVATE-LIMITED/U72200TZ2005PTC012204
AKRIDATA INDIA PRIVATE LIMITED,Akridata,https://in.linkedin.com/company/akridata,https://akridata.ai/
AKSA LEGACIES PRIVATE LIMITED,Er.Liyakat Ahmad Khan - Aksa Legacies private Limited,https://in.linkedin.com/in/liyakat-ahmad-khan,https://aksasoft.com/
AKSHAY RAJENDRA SHANBHAG,Akshay Rajendra Shanbhag - Sole Proprietor,https://in.linkedin.com/in/akshayrshanbhag,https://in.linkedin.com/in/akshayrshanbhag
AKSHAY VANIJYA & FINANCE LTD,Anjan Das - Manager - Akshay Vanijya & Finance Pvt.Ltd,https://in.linkedin.com/in/anjan-das-8a3b1737,"https://www.indiafilings.com/search/akshay-vanijya-finance-private-limited-cin-U74899DL1994PTC058487#:~:text=Contact%20Details%20%26%20Insights&text=The%20companies%20registered%20address%20is,New%20Delhi%20DL%20110014%20IN."
ALAMY IMAGES INDIA (P) LTD,ALAMY IMAGES INDIA PRIVATE LIMITED,https://in.linkedin.com/company/alamy-images-india-private-limited,https://www.alamy.com/contactus/india.aspx
ALAN SOLUTIONSALATION INDIA PRIVATE LIMITED,Alan Solutions,https://in.linkedin.com/company/alan-solutions,https://www.alanindia.net/
ALCAX SOLUTIONS,Alcax Solutions Ltd.,https://in.linkedin.com/company/alcax,https://www.alcax.com/
ALCODEX TECHNOLOGIES PVT. LTD.,Alcodex Technologies Pvt Ltd,https://in.linkedin.com/company/alcodex-technologies-pvt-ltd,https://alcodex.com/
ALE INDIA PVT LTD.,Ale India,https://www.linkedin.com/company/ale-india,"https://www.tofler.in/ale-india-private-limited/company/U64100KA2014PTC096578#:~:text=The%20registered%20office%20of%20Ale,%2C%20BANGALORE%2C%20Bangalore%2C%20Karnataka."
ALEKHA IT PRIVATE LIMITED,ALEKHA MARKETING PRIVATE LIMITED,https://in.linkedin.com/company/alekha-marketing-private-limited,https://www.zaubacorp.com/company/ALEKHA-IT-PRIVATE-LIMITED/U72900UP2019PTC120470
ALEPT CONSULTING PRIVATE LIMITED,ALEPT CONSULTING PRIVATE LIMITED,https://in.linkedin.com/company/alept-consulting-private-limited,https://www.alept.com/
ALERTOPS INDIA PRIVATE LIMITED,AlertOps,https://in.linkedin.com/company/alertops,https://alertops.com/
ALETHEA COMMUNICATIONS TECHNOLOGIES PVT LTD,Alethea Communications Technologies PVT LTD,https://in.linkedin.com/company/alethea-communications-technologies-pvt-ltd,https://aletheatech.com/
ALFA KPO PVT. LTD.,ALFA KPO PRIVATE LIMITED,https://in.linkedin.com/company/alfa-kpo-private-limited,https://alfakpo.com/
ALFANAR ENGINEERING SERVICES INDIA PVT LTD,Alfanar Engineering Services India Pvt. Ltd.,https://www.linkedin.com/company/alfanar-engineering-services-india-pvt.-ltd.,https://www.zaubacorp.com/company/Alfanar-Engineering-Services-India-Private-Limited/U72200TN2006PTC060045
ALGONICS SYSTEMS PRIVATE LIMITED,Algonics Systems Pvt. Ltd,https://in.linkedin.com/company/algonics-systems-pvt-ltd,https://algonics.com/
ALGORHYTHM TECH PVT LTD,Algorhythm Tech,https://in.linkedin.com/company/algorhythm-tech,https://algorhythmtech.com/
